epoch,time,train/box_loss,train/cls_loss,train/dfl_loss,metrics/precision(B),metrics/recall(B),metrics/mAP50(B),metrics/mAP50-95(B),val/box_loss,val/cls_loss,val/dfl_loss,lr/pg0,lr/pg1,lr/pg2
1,29.2901,2.32636,4.79256,2.32686,0.00183,0.55,0.00157,0.00059,2.09523,5.28712,2.32916,8e-05,8e-05,8e-05
2,57.4228,1.82112,4.20724,1.86709,0.00283,0.85,0.00575,0.00234,1.76227,4.53421,1.59066,0.000177773,0.000177773,0.000177773
3,85.4938,1.66129,3.05932,1.60565,0.003,0.9,0.06881,0.03523,1.43446,4.28728,1.55486,0.00027307,0.00027307,0.00027307
4,111.802,1.62609,2.74516,1.66847,0.003,0.9,0.15336,0.06152,1.60496,4.34053,1.4986,0.000365893,0.000365893,0.000365893
5,139.313,1.52099,2.62004,1.50382,0.003,0.9,0.2057,0.06483,1.38474,4.31744,1.37964,0.00045624,0.00045624,0.00045624
6,166.638,1.5883,2.51304,1.48956,0.003,0.9,0.18555,0.07702,1.33085,4.36801,1.36147,0.000544113,0.000544113,0.000544113
7,193.996,1.53605,2.39724,1.42296,0.00317,0.95,0.02256,0.00647,1.33547,4.22358,1.303,0.00062951,0.00062951,0.00062951
8,221.471,1.48833,2.18365,1.30694,0.00267,0.8,0.08893,0.04287,1.26273,4.34702,1.38756,0.000712432,0.000712432,0.000712432
9,248.785,1.38819,2.04016,1.32095,0.003,0.9,0.01678,0.01004,1.31717,4.33018,1.39775,0.00079288,0.00079288,0.00079288
10,275.914,1.53357,2.00644,1.42414,0.003,0.9,0.01353,0.0055,1.34075,4.49983,1.49632,0.000870853,0.000870853,0.000870853
11,303.052,1.44014,1.98828,1.39288,0.003,0.9,0.17706,0.07607,1.33302,4.24864,1.42262,0.00094635,0.00094635,0.00094635
12,330.048,1.36404,1.9693,1.34165,0.003,0.9,0.27942,0.12958,1.48224,4.14514,1.48389,0.00101937,0.00101937,0.00101937
13,356.252,1.36252,2.06972,1.35084,0.00317,0.95,0.29441,0.11979,1.48165,3.82938,1.39583,0.00108992,0.00108992,0.00108992
14,382.889,1.39986,1.9718,1.36704,0.02923,0.65,0.22288,0.07799,1.4867,3.83183,1.38262,0.00115799,0.00115799,0.00115799
15,409.853,1.5017,2.01786,1.36673,0.42521,0.3,0.36213,0.15505,1.54581,3.38271,1.46903,0.00122359,0.00122359,0.00122359
16,436.224,1.27142,1.80065,1.18029,0.48354,0.35,0.47183,0.18392,1.57974,3.4084,1.53289,0.00128671,0.00128671,0.00128671
17,462.754,1.31081,1.90923,1.32122,0.32059,0.45,0.25384,0.09526,1.81067,3.55649,1.85587,0.00134736,0.00134736,0.00134736
18,489.402,1.33612,1.78738,1.29704,0.45216,0.6,0.48301,0.24161,1.73614,3.15497,1.78547,0.00140553,0.00140553,0.00140553
19,516.702,1.39576,1.7603,1.36473,0.32721,0.55,0.45552,0.20791,1.62927,3.17036,1.66942,0.00146123,0.00146123,0.00146123
20,543.047,1.3312,1.61419,1.38937,0.26257,0.25,0.14632,0.05073,2.05495,3.6941,2.01771,0.00151445,0.00151445,0.00151445
21,569.485,1.29398,1.76711,1.3037,0.2615,0.45,0.20277,0.08248,1.98886,3.44451,1.93025,0.001505,0.001505,0.001505
22,595.55,1.45575,1.79371,1.50732,0.18459,0.4,0.14945,0.05541,1.8047,3.88004,1.74711,0.00148025,0.00148025,0.00148025
23,621.931,1.41741,1.86139,1.38137,0.1599,0.4,0.0977,0.04209,1.8138,3.99366,1.67479,0.0014555,0.0014555,0.0014555
24,648.705,1.26765,1.60714,1.24658,0.68531,0.6,0.65593,0.31381,1.66029,2.35692,1.5097,0.00143075,0.00143075,0.00143075
25,675.025,1.2759,1.53931,1.27947,0.6451,0.7,0.67816,0.36854,1.56338,2.22207,1.50254,0.001406,0.001406,0.001406
26,701.011,1.27886,1.50392,1.33679,0.62125,0.73851,0.67096,0.33341,1.68175,2.19642,1.54873,0.00138125,0.00138125,0.00138125
27,726.965,1.22654,1.47548,1.2907,0.71727,0.76149,0.7035,0.35185,1.75294,2.05887,1.5642,0.0013565,0.0013565,0.0013565
28,753.238,1.23681,1.46707,1.30703,0.87429,0.8,0.81542,0.40931,1.7137,2.03096,1.59466,0.00133175,0.00133175,0.00133175
29,778.917,1.27937,1.36607,1.23448,0.83718,0.8,0.80259,0.41775,1.62283,2.11614,1.51029,0.001307,0.001307,0.001307
30,804.787,1.23225,1.30704,1.21951,0.7785,0.70308,0.73194,0.35421,1.76449,2.22382,1.62616,0.00128225,0.00128225,0.00128225
31,831.037,1.14395,1.35132,1.19412,0.75575,0.77413,0.77272,0.31423,1.9006,2.22226,1.68588,0.0012575,0.0012575,0.0012575
32,856.703,1.32265,1.33846,1.30275,0.77265,0.68037,0.69027,0.36628,1.77474,1.88269,1.60797,0.00123275,0.00123275,0.00123275
33,882.578,1.19879,1.29075,1.19936,0.75262,0.76101,0.70063,0.38817,1.65288,1.81466,1.54581,0.001208,0.001208,0.001208
34,908.685,1.21938,1.26928,1.24335,0.81092,0.75,0.75217,0.37953,1.6676,1.8591,1.58975,0.00118325,0.00118325,0.00118325
35,934.439,1.35483,1.33726,1.38127,0.74803,0.74253,0.6742,0.35748,1.7642,1.82652,1.59924,0.0011585,0.0011585,0.0011585
36,960.713,1.12454,1.1751,1.14993,0.7177,0.63617,0.6243,0.35059,1.82756,1.67899,1.64804,0.00113375,0.00113375,0.00113375
37,986.371,1.2226,1.18064,1.22466,0.74902,0.75,0.6685,0.33065,2.00582,1.88741,1.81247,0.001109,0.001109,0.001109
38,1011.97,1.15407,1.1931,1.18667,0.72978,0.7,0.66849,0.33477,2.01912,2.04163,1.80066,0.00108425,0.00108425,0.00108425
39,1037.47,1.1966,1.18255,1.2203,0.60084,0.75274,0.64865,0.3669,1.85128,1.94663,1.73328,0.0010595,0.0010595,0.0010595
40,1063.26,1.07559,1.12597,1.12771,0.69937,0.75,0.61665,0.38804,1.7723,1.48199,1.75578,0.00103475,0.00103475,0.00103475
41,1089.31,1.18221,1.13008,1.2388,0.70286,0.75,0.63252,0.3863,1.80699,1.39633,1.82173,0.00101,0.00101,0.00101
42,1114.8,1.07114,1.14866,1.14968,0.78346,0.75,0.67401,0.39244,1.7995,1.39056,1.75724,0.00098525,0.00098525,0.00098525
43,1140.92,1.05279,1.07504,1.16278,0.83446,0.8,0.75115,0.40962,1.73411,1.44579,1.6435,0.0009605,0.0009605,0.0009605
44,1166.97,1.09833,1.04175,1.16104,0.78715,0.8,0.70375,0.36971,1.77178,1.42339,1.5682,0.00093575,0.00093575,0.00093575
45,1193.11,1.12265,1.01112,1.12515,0.84288,0.85,0.76102,0.38442,1.6926,1.42956,1.593,0.000911,0.000911,0.000911
46,1219.52,1.09632,0.9555,1.11369,0.79647,0.8,0.6874,0.35895,1.77448,1.3796,1.71819,0.00088625,0.00088625,0.00088625
47,1245.28,1.14187,1.00535,1.14178,0.79476,0.8,0.70718,0.36344,1.82969,1.38171,1.76685,0.0008615,0.0008615,0.0008615
48,1271.17,1.0947,1.05386,1.15445,0.79509,0.8,0.67747,0.38076,1.76746,1.33896,1.79673,0.00083675,0.00083675,0.00083675
49,1296.79,1.10005,1.0344,1.13705,0.84401,0.85,0.73317,0.34759,1.78449,1.3956,1.75505,0.000812,0.000812,0.000812
50,1322.9,1.05485,0.98741,1.11991,0.84406,0.85,0.74921,0.38634,1.80177,1.31325,1.71911,0.00078725,0.00078725,0.00078725
51,1348.64,1.05447,1.01232,1.1094,0.84636,0.85,0.76001,0.35869,1.80722,1.32227,1.68175,0.0007625,0.0007625,0.0007625
52,1374.66,1.04986,0.91937,1.07282,0.79142,0.8,0.74037,0.35562,1.89059,1.31739,1.73154,0.00073775,0.00073775,0.00073775
53,1400.64,1.14401,0.97124,1.16406,0.78885,0.8,0.75052,0.38158,1.78447,1.29303,1.69657,0.000713,0.000713,0.000713
54,1426.06,0.99381,0.94141,1.11685,0.79397,0.8,0.75415,0.40693,1.72157,1.26647,1.6303,0.00068825,0.00068825,0.00068825
55,1451.95,0.95604,0.92195,1.07087,0.74409,0.8,0.71501,0.40417,1.75405,1.25397,1.64518,0.0006635,0.0006635,0.0006635
56,1477.95,1.02205,0.89534,1.10013,0.79563,0.8,0.72496,0.37261,1.9162,1.25874,1.73267,0.00063875,0.00063875,0.00063875
57,1504.09,1.07395,0.9072,1.11189,0.8382,0.85,0.77224,0.38783,1.82701,1.20376,1.70334,0.000614,0.000614,0.000614
58,1530.6,1.11702,0.88102,1.16287,0.84155,0.85,0.77807,0.41643,1.74519,1.17922,1.67581,0.00058925,0.00058925,0.00058925
59,1556.56,1.01712,0.8789,1.08225,0.84296,0.85,0.77858,0.43078,1.70971,1.17426,1.68201,0.0005645,0.0005645,0.0005645
60,1582.35,1.01473,0.84696,1.07834,0.83582,0.85,0.77183,0.3637,1.908,1.22008,1.86337,0.00053975,0.00053975,0.00053975
61,1608.23,0.93657,0.84229,1.07715,0.81539,0.85,0.78155,0.371,1.9384,1.24182,1.88529,0.000515,0.000515,0.000515
62,1634.05,0.95894,0.8331,1.08766,0.84801,0.83741,0.78136,0.37465,1.87582,1.23703,1.78701,0.00049025,0.00049025,0.00049025
63,1659.93,0.91489,0.83108,1.03427,0.84866,0.84154,0.77119,0.37396,1.81458,1.19411,1.70949,0.0004655,0.0004655,0.0004655
64,1685.44,0.95881,0.82793,1.06491,0.84989,0.84933,0.78632,0.37773,1.78372,1.15164,1.65382,0.00044075,0.00044075,0.00044075
65,1711.29,0.9863,0.81931,1.063,0.84979,0.84869,0.78641,0.37577,1.82439,1.14573,1.68733,0.000416,0.000416,0.000416
66,1737.39,0.88422,0.78263,1.01793,0.85,0.84999,0.78628,0.37345,1.87121,1.11478,1.72848,0.00039125,0.00039125,0.00039125
67,1763.14,0.91128,0.78111,1.0251,0.84862,0.85,0.78615,0.37326,1.86103,1.13587,1.72738,0.0003665,0.0003665,0.0003665
68,1789.43,0.84424,0.76575,1.0215,0.84725,0.85,0.78733,0.38751,1.76526,1.15278,1.64432,0.00034175,0.00034175,0.00034175
69,1818.78,0.88999,0.78747,1.05388,0.84691,0.85,0.82532,0.40339,1.72016,1.17934,1.5796,0.000317,0.000317,0.000317
70,1846.16,0.88068,0.80354,1.01835,0.8468,0.85,0.82825,0.4016,1.74262,1.19149,1.58785,0.00029225,0.00029225,0.00029225
71,1874.15,0.79026,0.74211,0.97574,0.84847,0.85,0.82829,0.41045,1.75266,1.1842,1.57466,0.0002675,0.0002675,0.0002675
72,1901.4,0.73125,0.70214,0.93343,0.84922,0.84508,0.79123,0.42244,1.76879,1.15737,1.61484,0.00024275,0.00024275,0.00024275
73,1927.42,0.72065,0.71741,0.9238,0.79843,0.79255,0.72207,0.41749,1.72787,1.15784,1.6032,0.000218,0.000218,0.000218
74,1953.38,0.78576,0.73529,0.96394,0.79806,0.79078,0.70644,0.40487,1.68818,1.15659,1.58592,0.00019325,0.00019325,0.00019325
75,1979.19,0.70014,0.72114,0.93142,0.78756,0.75,0.70869,0.41316,1.65949,1.15725,1.594,0.0001685,0.0001685,0.0001685
76,2005.19,0.68013,0.69491,0.93756,0.7878,0.75,0.71094,0.42605,1.64539,1.17957,1.61768,0.00014375,0.00014375,0.00014375
77,2031.11,0.74094,0.69158,0.9608,0.78772,0.75,0.70703,0.41453,1.65074,1.18715,1.63201,0.000119,0.000119,0.000119
78,2056.8,0.71036,0.67517,0.94086,0.79821,0.79152,0.70968,0.42613,1.65366,1.17845,1.64196,9.425e-05,9.425e-05,9.425e-05
79,2083.34,0.66899,0.67087,0.92803,0.79848,0.7928,0.71043,0.43764,1.65114,1.16355,1.64678,6.95e-05,6.95e-05,6.95e-05
80,2109.12,0.662,0.67234,0.90331,0.79848,0.79278,0.71143,0.4397,1.65364,1.15963,1.65729,4.475e-05,4.475e-05,4.475e-05
